﻿<parameters>
  <parameter name="IIS Web Application Name" defaultValue="Deafult Site/Coastguard" tags="IisApp">
    <parameterEntry kind="ProviderPath" scope="IisApp" match="^C:\\projects\\coastguard\\CoastGuardWeb\\obj\\Release\\Package\\PackageTmp$" />
    <parameterEntry kind="ProviderPath" scope="setAcl" match="^C:\\projects\\coastguard\\CoastGuardWeb\\obj\\Release\\Package\\PackageTmp$" />
  </parameter>
  <parameter name="DBInterface.Properties.Settings.Connectionstring-Web.config Connection String" defaultValue="Data Source=(local);Initial Catalog=CoastGuard;Persist Security Info=True;User ID=coastguard;Password=(0astGuard;Application Name=CoastGuardFE">
    <parameterEntry kind="XmlFile" scope="C:\\projects\\coastguard\\CoastGuardWeb\\obj\\Release\\Package\\PackageTmp\\Web\.config$" match="/configuration/connectionStrings/add[@name='DBInterface.Properties.Settings.Connectionstring']/@connectionString" />
  </parameter>
  <parameter name="DBInterface.Properties.Settings.Connectionstring-Deployment Connection String" defaultValue="Data Source=(local);Initial Catalog=CoastGuard;Persist Security Info=True;User ID=coastguard;Password=(0astGuard;Application Name=CoastGuardFE" tags="SqlConnectionString">
    <parameterEntry kind="ProviderPath" scope="DbDacFx" match="^C:\\projects\\coastguard\\CoastGuardWeb\\obj\\Release\\AutoScripts\\DBInterface\.Properties\.Settings\.Connectionstring_IncrementalSchemaOnly\.dacpac$" />
  </parameter>
</parameters>